Course Title,Year,Number,Subject,European Semester,Students,A+,A,A-,B+,B,B-,C+,C,C-,D+,D,D-,F,W
Accounting and Accountancy II,2021,202,ACCY,SoSe,506,37,84,37,84,124,41,30,29,29,0,10,0,1,3
Accounting and Accountancy II,2021,202,ACCY,WiSe,296,37,62,16,50,63,19,23,16,6,0,1,0,3,0
Advanced Financial Reporting,2021,410,ACCY,SoSe,218,30,48,16,22,47,14,9,19,3,3,5,1,1,0
Advanced Financial Reporting,2021,410,ACCY,WiSe,179,26,55,23,18,25,17,3,4,2,0,3,0,3,2
Advanced Financial Reporting,2021,506,ACCY,WiSe,67,8,20,8,11,4,7,4,3,0,0,2,0,0,0
Amer Race&Ethnicity ClasicTrad,2021,224,CLCV,SoSe,322,70,213,5,0,19,0,5,8,0,0,0,0,2,0
Amer Race&Ethnicity ClasicTrad,2021,224,CLCV,WiSe,326,27,260,9,5,15,2,2,3,0,0,0,1,2,1
Analog Signal Processing,2021,210,ECE,SoSe,309,23,24,18,44,43,33,34,25,18,17,14,7,9,2
Analog Signal Processing,2021,210,ECE,WiSe,277,20,24,21,34,45,35,9,18,25,13,13,6,14,10
Applied Linear Algebra,2021,415,MATH,SoSe,921,66,294,144,74,86,43,36,56,22,22,54,0,24,0
Applied Linear Algebra,2021,415,MATH,WiSe,415,21,100,76,51,45,29,15,22,10,9,22,1,14,7
Business Process Management,2017,375,BADM,SoSe,182,9,21,30,42,32,25,9,7,3,2,1,0,1,1
Business Process Management,2017,375,BADM,WiSe,187,3,55,42,30,26,11,7,9,0,2,2,0,0,1
Calculus,2021,220,MATH,SoSe,633,88,101,62,62,72,47,31,47,31,19,25,11,37,1
Calculus,2021,220,MATH,WiSe,843,131,131,99,89,90,59,32,61,33,23,22,16,57,14
Calculus II,2021,231,MATH,SoSe,1158,204,317,151,94,109,59,55,59,50,11,24,6,19,0
Calculus II,2021,231,MATH,WiSe,952,65,123,106,106,146,73,66,80,97,33,19,1,37,20
Calculus III,2021,241,MATH,SoSe,896,139,182,131,110,68,48,57,57,34,18,14,10,28,0
Calculus III,2021,241,MATH,WiSe,1694,107,280,231,200,229,175,128,137,56,53,30,14,54,20
"Cells, Tissues & Development",2021,252,MCB,SoSe,178,33,45,24,19,14,13,8,4,3,6,2,3,4,0
"Cells, Tissues & Development",2021,252,MCB,WiSe,153,25,34,21,18,15,14,9,9,3,1,4,0,0,1
College Physics: E&M & Modern,2021,102,PHYS,SoSe,376,56,54,44,41,38,35,28,21,19,18,8,11,3,0
College Physics: E&M & Modern,2021,102,PHYS,WiSe,285,38,47,31,32,23,23,22,23,18,7,9,9,3,2
College Physics: Mech & Heat,2021,101,PHYS,SoSe,343,36,34,21,48,41,36,32,23,18,26,15,6,7,2
College Physics: Mech & Heat,2021,101,PHYS,WiSe,424,44,59,43,37,37,37,39,40,20,17,13,27,11,8
Companion Animals in Society,2021,250,ANSC,SoSe,398,85,167,34,12,23,15,12,9,4,7,6,4,20,0
Companion Animals in Society,2021,250,ANSC,WiSe,400,85,182,35,22,17,13,11,7,7,2,4,0,15,2
Computer Systems & Programming,2021,220,ECE,SoSe,264,25,68,36,24,24,19,15,16,7,10,5,8,7,1
Computer Systems & Programming,2021,220,ECE,WiSe,203,31,42,27,23,21,9,16,9,6,5,3,0,11,0
Contemporary Health,2017,100,CHLH,SoSe,182,33,51,27,17,27,11,4,3,2,1,1,2,3,0
Contemporary Health,2017,100,CHLH,WiSe,950,191,341,147,74,84,28,21,21,12,9,4,6,12,2
Contemporary Health,2018,100,CHLH,SoSe,185,30,37,24,23,33,7,10,9,4,1,3,0,4,0
Contemporary Health,2018,100,CHLH,WiSe,915,165,260,154,103,92,42,29,19,6,12,11,5,17,2
Contemporary Nutrition,2021,120,FSHN,SoSe,843,24,524,0,0,204,0,0,59,0,0,18,0,14,0
Contemporary Nutrition,2021,120,FSHN,WiSe,862,28,552,0,0,206,0,0,42,0,0,20,0,14,5
Corporate Finance,2018,221,FIN,SoSe,849,23,283,68,65,178,39,45,82,15,7,25,0,19,5
Corporate Finance,2018,221,FIN,WiSe,726,15,248,63,62,147,35,24,60,16,14,26,0,16,1
Corporate Finance,2018,580,FIN,WiSe,44,2,10,14,8,7,3,0,0,0,0,0,0,0,0
Corporate Finance,2021,221,FIN,SoSe,931,13,481,113,86,136,23,17,33,4,3,13,0,9,1
Corporate Finance,2021,221,FIN,WiSe,777,42,378,67,49,94,27,15,54,10,8,18,0,15,2
Corporate Finance,2021,580,FIN,WiSe,44,4,13,10,5,7,3,0,1,1,0,0,0,0,0
Corporate Finance,2021,584,FIN,SoSe,518,35,164,124,89,52,27,12,5,4,4,0,0,2,1
Database Systems,2021,411,CS,SoSe,624,132,203,81,63,36,33,21,16,13,5,5,2,14,0
Database Systems,2021,411,CS,WiSe,714,174,284,97,53,30,23,13,9,11,2,4,5,9,3
Differential Equations,2021,441,MATH,SoSe,155,18,26,20,17,22,14,10,13,5,1,3,0,6,0
Differential Equations,2021,441,MATH,WiSe,123,19,27,16,15,11,6,6,9,7,0,1,3,3,4
Digital Signal Processing,2021,310,ECE,SoSe,223,27,44,13,26,38,25,12,16,11,4,1,0,6,0
Digital Signal Processing,2021,310,ECE,WiSe,232,18,47,24,37,37,16,14,13,10,8,4,0,4,1
Discrete Structures,2021,173,CS,SoSe,878,41,186,159,136,88,64,55,48,29,18,26,13,15,4
Discrete Structures,2021,173,CS,WiSe,526,55,139,77,52,65,19,26,24,11,25,9,4,20,7
"Diversity, Leadership & Policy",2021,531,EPOL,SoSe,30,0,22,2,3,2,0,0,1,0,0,0,0,0,0
"Diversity, Leadership & Policy",2021,531,EPOL,WiSe,26,0,22,1,1,2,0,0,0,0,0,0,0,0,0
"Diversity, Leadership & Policy",2021,568,EOL,SoSe,35,0,26,3,3,1,2,0,0,0,0,0,0,0,0
"Diversity, Leadership & Policy",2021,568,EOL,WiSe,48,0,43,2,1,1,0,0,0,0,0,1,0,0,0
Drug Use and Abuse,2021,243,CHLH,SoSe,761,310,218,75,31,36,19,8,7,12,4,11,6,24,0
Drug Use and Abuse,2021,243,CHLH,WiSe,628,49,315,39,28,97,14,4,49,0,1,8,0,24,3
Economic Statistics II,2015,203,ECON,SoSe,1099,103,104,95,120,127,99,105,109,48,53,54,26,56,6
Economic Statistics II,2015,203,ECON,WiSe,599,50,65,52,59,70,62,50,57,30,31,18,8,47,4
Economic Statistics II,2017,203,ECON,SoSe,761,158,100,60,51,113,58,54,60,29,22,20,8,28,7
Economic Statistics II,2017,203,ECON,WiSe,687,110,93,53,83,88,51,45,54,33,20,12,8,37,8
Economic Statistics II,2018,203,ECON,SoSe,853,119,101,88,84,87,68,54,71,36,31,37,20,57,13
Economic Statistics II,2018,203,ECON,WiSe,612,120,93,59,51,60,49,40,42,23,15,19,9,32,7
Economic Statistics II,2019,203,ECON,SoSe,764,181,75,76,63,68,57,50,57,39,18,18,16,46,7
Economic Statistics II,2019,203,ECON,WiSe,383,97,33,32,42,35,23,28,16,16,13,8,6,34,2
Economic Statistics II,2020,203,ECON,SoSe,461,52,52,50,42,50,47,44,43,46,0,0,6,29,1
Economic Statistics II,2020,203,ECON,WiSe,309,17,53,39,38,39,28,33,22,15,5,3,0,17,0
Economic Statistics II,2021,203,ECON,SoSe,348,11,68,46,47,52,27,24,26,7,11,6,4,19,1
Economic Statistics II,2021,203,ECON,WiSe,269,37,23,28,24,22,13,14,24,14,6,14,22,28,3
Elementary Organic Chemistry I,2021,232,CHEM,SoSe,552,36,88,62,53,94,51,37,49,23,23,22,6,8,0
Elementary Organic Chemistry I,2021,232,CHEM,WiSe,685,48,128,98,60,103,58,33,59,29,14,15,7,33,22
Environmental Economics,2021,210,ACE,SoSe,110,9,16,16,5,10,15,6,8,8,4,4,3,6,0
Environmental Economics,2021,210,ACE,WiSe,132,19,26,21,9,25,8,8,15,1,0,0,0,0,2
Environmental Economics,2021,415,ECON,SoSe,21,2,1,4,2,1,4,2,2,1,0,0,0,2,0
Environmental Economics,2021,415,ECON,WiSe,49,0,6,8,6,14,3,2,5,3,1,0,0,1,0
Environmental Writing,2022,360,ESE,SoSe,45,1,16,12,4,1,2,0,3,1,0,0,0,5,2
Environmental Writing,2022,360,ESE,WiSe,42,0,14,8,11,3,2,0,0,0,0,0,1,3,1
Fields and Waves I,2021,329,ECE,SoSe,119,23,20,9,10,13,8,9,7,6,3,5,2,4,0
Fields and Waves I,2021,329,ECE,WiSe,157,19,16,16,13,19,13,12,14,6,5,9,4,11,3
Forensic Science,2021,246,ANTH,SoSe,1194,86,766,55,71,65,23,24,28,10,11,6,5,44,3
Forensic Science,2021,246,ANTH,WiSe,1216,201,705,63,68,59,17,21,28,9,5,8,2,30,5
Fundamentals of Accounting,2021,200,ACCY,SoSe,441,33,95,65,53,45,33,37,34,17,12,6,4,7,0
Fundamentals of Accounting,2021,200,ACCY,WiSe,484,35,166,45,54,59,51,25,18,12,8,3,5,3,2
Game Theory,2021,437,ECON,SoSe,88,40,10,12,4,4,4,5,2,1,1,3,0,2,2
Game Theory,2021,437,ECON,WiSe,188,85,37,15,15,14,2,3,6,6,0,2,1,2,3
General Chemistry I,2021,102,CHEM,SoSe,952,18,53,54,76,108,113,105,116,71,61,43,52,82,1
General Chemistry I,2021,102,CHEM,WiSe,1920,62,193,147,203,255,168,261,228,186,72,38,44,63,46
General Chemistry II,2021,104,CHEM,SoSe,1001,39,150,118,119,132,81,73,87,75,58,31,15,23,1
General Chemistry II,2021,104,CHEM,WiSe,750,28,65,50,84,129,81,72,104,61,14,18,16,28,19
Global Development&Environment,2021,101,GEOG,SoSe,205,93,75,7,6,15,2,1,4,0,0,0,0,2,0
Global Development&Environment,2021,101,GEOG,WiSe,201,67,91,12,11,13,1,1,4,0,0,0,0,1,0
Global History,2021,100,HIST,SoSe,144,17,31,30,28,11,10,5,1,2,1,0,0,8,0
Global History,2021,100,HIST,WiSe,163,32,42,35,17,18,3,2,4,2,0,1,0,7,0
Human Sexuality,2021,206,CHLH,SoSe,453,28,226,58,31,26,19,8,19,8,0,6,1,23,0
Human Sexuality,2021,206,CHLH,WiSe,477,46,196,69,40,52,16,7,17,6,4,6,2,16,0
IT for Networked Organizations,2015,350,BADM,SoSe,282,14,97,81,35,23,12,4,6,2,0,4,0,4,0
IT for Networked Organizations,2015,350,BADM,WiSe,193,5,85,33,30,14,6,5,5,7,1,0,0,2,0
IT for Networked Organizations,2017,350,BADM,SoSe,296,17,114,76,30,40,11,4,0,1,1,1,0,1,0
IT for Networked Organizations,2017,350,BADM,WiSe,274,4,153,46,27,23,6,5,4,1,0,4,0,1,1
IT for Networked Organizations,2018,350,BADM,SoSe,351,12,155,86,44,24,15,2,6,2,0,4,0,1,1
IT for Networked Organizations,2018,350,BADM,WiSe,300,9,98,65,48,36,20,5,7,6,0,5,0,1,1
IT for Networked Organizations,2019,350,BADM,SoSe,290,5,116,42,20,44,25,10,12,7,1,7,0,1,1
IT for Networked Organizations,2019,350,BADM,WiSe,232,2,133,36,26,13,7,2,6,1,0,5,0,1,0
IT for Networked Organizations,2020,350,BADM,SoSe,215,13,134,29,8,9,8,2,4,3,1,3,0,1,0
IT for Networked Organizations,2020,350,BADM,WiSe,287,31,145,22,15,37,19,6,10,2,0,0,0,0,0
IT for Networked Organizations,2021,350,BADM,SoSe,197,9,103,46,19,10,1,1,4,2,1,1,0,0,0
IT for Networked Organizations,2021,350,BADM,WiSe,229,5,135,48,20,13,0,2,1,2,1,1,0,1,0
IT for Networked Organizations,2022,350,BADM,SoSe,164,1,105,26,11,16,2,2,1,0,0,0,0,0,1
IT for Networked Organizations,2022,350,BADM,WiSe,202,19,59,62,29,26,2,0,1,2,0,0,1,1,3
Inter Macroeconomic Theory,2018,303,ECON,SoSe,311,30,49,41,67,43,35,12,15,7,6,0,2,4,5
Inter Macroeconomic Theory,2018,303,ECON,WiSe,282,14,40,42,53,60,26,16,17,4,1,3,4,2,1
Inter Macroeconomic Theory,2019,303,ECON,SoSe,329,18,44,35,47,60,34,27,26,12,8,5,3,10,3
Inter Macroeconomic Theory,2019,303,ECON,WiSe,284,25,46,44,40,48,25,15,15,7,3,3,3,10,1
Inter Macroeconomic Theory,2020,303,ECON,SoSe,267,20,45,47,29,38,26,17,14,20,0,2,0,9,2
Inter Macroeconomic Theory,2020,303,ECON,WiSe,250,26,44,26,41,36,22,27,17,2,1,1,3,4,0
Inter Macroeconomic Theory,2021,303,ECON,SoSe,249,21,42,28,39,28,28,24,17,4,4,6,2,6,4
Inter Macroeconomic Theory,2021,303,ECON,WiSe,255,15,49,26,40,36,24,20,9,19,3,1,2,11,3
Inter Microeconomic Theory,2017,302,ECON,SoSe,1168,90,268,151,93,129,99,80,67,49,26,28,25,63,5
Inter Microeconomic Theory,2017,302,ECON,WiSe,888,80,108,104,91,109,81,63,61,43,27,35,29,57,7
Inter Microeconomic Theory,2018,302,ECON,SoSe,963,92,106,88,90,111,81,82,82,58,46,29,26,72,7
Inter Microeconomic Theory,2018,302,ECON,WiSe,881,83,134,99,95,108,75,53,68,37,30,32,19,48,7
Inter Microeconomic Theory,2019,302,ECON,SoSe,841,100,87,72,69,74,72,63,85,48,39,40,25,67,8
Inter Microeconomic Theory,2019,302,ECON,WiSe,818,65,107,63,75,83,85,56,69,38,29,54,23,71,6
Inter Microeconomic Theory,2020,302,ECON,SoSe,846,209,140,74,75,97,53,47,59,21,16,20,15,20,1
Inter Microeconomic Theory,2020,302,ECON,WiSe,465,72,85,50,49,48,36,27,29,17,12,11,6,23,3
Inter Microeconomic Theory,2021,302,ECON,SoSe,453,82,92,61,47,52,25,20,21,10,12,8,2,21,4
Inter Microeconomic Theory,2021,302,ECON,WiSe,580,102,104,54,35,56,33,31,46,17,19,22,17,44,5
Inter Microeconomic Theory,2022,302,ECON,SoSe,361,97,104,54,27,37,12,7,10,3,4,2,2,2,0
Inter Microeconomic Theory,2022,302,ECON,WiSe,395,91,47,33,38,37,26,22,16,12,16,11,11,35,3
International Business,2015,380,BADM,SoSe,202,11,44,59,35,33,5,3,1,4,2,3,0,2,0
International Business,2015,380,BADM,WiSe,140,0,62,43,11,12,6,0,2,1,3,0,0,0,0
International Business,2017,380,BADM,SoSe,151,28,64,19,14,9,7,3,3,1,0,2,1,0,0
International Business,2017,380,BADM,WiSe,198,30,95,41,21,6,2,1,0,0,0,0,2,0,0
International Business,2018,380,BADM,SoSe,145,37,47,27,15,8,6,3,1,0,0,1,0,0,0
International Business,2018,380,BADM,WiSe,134,2,89,29,5,6,2,0,1,0,0,0,0,0,1
International Business,2019,380,BADM,SoSe,158,27,38,36,20,20,6,4,1,4,2,0,0,0,0
International Business,2019,380,BADM,WiSe,118,2,77,9,15,7,2,3,1,1,0,0,1,0,0
International Business,2020,380,BADM,SoSe,73,27,22,8,1,4,4,2,1,0,3,1,0,0,0
International Business,2020,380,BADM,WiSe,65,15,24,7,8,4,0,2,2,1,0,0,1,1,0
International Business,2021,380,BADM,SoSe,100,10,63,6,5,4,5,2,1,0,1,1,1,1,1
International Business,2021,380,BADM,WiSe,141,70,29,12,5,10,6,2,3,0,3,0,0,1,0
International Business,2022,380,BADM,SoSe,64,10,26,11,6,3,4,1,0,0,0,2,0,1,0
International Business,2022,380,BADM,WiSe,120,10,82,11,6,8,2,1,0,0,0,0,0,0,0
International Economics,2021,420,ECON,SoSe,78,10,21,14,12,8,4,3,3,2,0,1,0,0,0
International Economics,2021,420,ECON,WiSe,91,13,25,19,9,12,2,7,2,0,0,0,1,1,0
Intro Computing: Non-Tech,2021,105,CS,SoSe,677,55,182,80,71,81,31,43,45,32,16,12,6,23,1
Intro Computing: Non-Tech,2021,105,CS,WiSe,750,66,199,96,92,81,48,34,41,21,15,12,5,40,16
Intro Differential Equations,2021,285,MATH,SoSe,610,111,287,33,28,43,37,25,21,6,3,3,2,11,1
Intro Differential Equations,2021,285,MATH,WiSe,556,50,127,77,63,56,26,49,31,24,4,7,10,32,3
Intro Psych,2017,100,PSYC,SoSe,1008,47,202,153,131,189,59,35,96,22,25,15,5,29,7
Intro Psych,2017,100,PSYC,WiSe,1455,18,313,153,149,383,73,70,161,28,18,38,10,41,7
Intro Psych,2018,100,PSYC,SoSe,965,96,316,94,71,177,39,24,89,5,8,23,4,19,3
Intro Psych,2018,100,PSYC,WiSe,1539,32,282,109,134,410,106,75,202,30,29,75,13,42,2
Intro Psych,2019,100,PSYC,SoSe,836,5,176,81,76,203,51,43,94,13,11,36,5,42,3
Intro Psych,2019,100,PSYC,WiSe,1467,24,338,161,171,401,76,46,137,29,15,23,4,42,8
Intro Psych,2020,100,PSYC,SoSe,886,52,325,79,83,160,41,33,54,11,8,18,1,21,3
Intro Psych,2020,100,PSYC,WiSe,1326,344,411,176,91,89,45,33,28,22,10,9,9,59,3
Intro Psych,2021,100,PSYC,SoSe,826,138,304,104,49,49,47,19,23,13,9,7,6,58,1
Intro Psych,2021,100,PSYC,WiSe,1528,153,578,334,148,89,52,35,26,19,14,13,8,59,9
Intro Psych,2022,100,PSYC,SoSe,814,17,115,154,117,104,91,61,43,30,15,8,11,48,7
Intro Psych,2022,100,PSYC,WiSe,1353,226,392,225,164,135,56,37,37,11,13,10,6,41,2
Intro Psych,2023,100,PSYC,SoSe,753,57,210,144,89,97,50,33,20,11,4,8,7,23,2
Intro Psych,2023,100,PSYC,WiSe,1194,406,293,181,84,81,43,28,19,14,12,8,3,22,6
Intro to African American St,2021,100,AFRO,SoSe,128,57,29,11,9,3,8,0,2,3,0,0,0,6,0
Intro to African American St,2021,100,AFRO,WiSe,140,25,49,19,5,11,7,8,1,5,1,1,0,8,1
Intro to Contemporary Dance,2017,100,DANC,SoSe,240,83,113,12,10,10,1,1,4,1,0,0,2,3,1
Intro to Contemporary Dance,2017,100,DANC,WiSe,349,101,166,35,18,10,5,2,2,2,1,0,1,6,1
Intro to Contemporary Dance,2018,100,DANC,SoSe,282,94,121,21,14,17,2,4,3,1,0,0,1,4,1
Intro to Contemporary Dance,2018,100,DANC,WiSe,332,122,132,39,15,3,5,3,2,2,3,0,0,6,0
Intro to Contemporary Dance,2019,100,DANC,SoSe,357,85,153,50,24,8,10,3,8,2,4,2,1,7,1
Intro to Contemporary Dance,2019,100,DANC,WiSe,344,121,163,17,20,11,4,2,0,2,1,0,2,1,0
Intro to Contemporary Dance,2020,100,DANC,SoSe,402,144,192,22,14,4,6,4,9,1,1,4,0,1,0
Intro to Contemporary Dance,2020,100,DANC,WiSe,280,97,128,22,14,9,5,3,1,0,0,1,0,0,0
Intro to Contemporary Dance,2021,100,DANC,SoSe,356,165,105,23,13,7,12,3,4,6,0,4,2,12,0
Intro to Contemporary Dance,2021,100,DANC,WiSe,344,110,132,32,18,14,11,3,6,3,2,3,0,10,5
Intro to Contemporary Dance,2022,100,DANC,SoSe,270,90,72,25,21,15,9,10,4,3,3,3,3,12,1
Intro to Contemporary Dance,2022,100,DANC,WiSe,218,110,50,22,12,8,4,1,3,0,1,3,0,4,0
Intro to Contemporary Dance,2023,100,DANC,SoSe,164,45,79,14,5,5,4,1,4,2,1,0,0,4,1
Intro to Contemporary Dance,2023,100,DANC,WiSe,231,72,102,22,10,8,4,1,0,3,2,1,1,5,0
Intro to Human Development,2021,105,HDFS,SoSe,380,150,150,5,13,21,7,3,15,2,5,2,0,7,0
Intro to Human Development,2021,105,HDFS,WiSe,426,113,244,13,4,29,5,1,6,0,1,2,0,8,0
Introd to the Art of Music,2017,130,MUS,SoSe,171,40,30,19,19,26,6,4,7,5,2,3,2,8,0
Introd to the Art of Music,2017,130,MUS,WiSe,230,124,64,11,3,10,4,2,2,3,1,1,1,4,0
Introd to the Art of Music,2018,130,MUS,SoSe,216,65,35,24,19,24,13,8,10,5,4,2,1,6,2
Introd to the Art of Music,2018,130,MUS,WiSe,234,36,88,38,14,10,7,15,7,3,5,2,1,8,2
Introd to the Art of Music,2019,130,MUS,SoSe,207,69,43,30,27,11,5,2,6,3,4,1,1,5,3
Introd to the Art of Music,2019,130,MUS,WiSe,210,68,42,22,21,5,13,15,4,11,1,3,1,4,3
Introduction to Astronomy,2017,100,ASTR,SoSe,543,76,100,77,59,75,41,33,18,13,11,11,3,26,6
Introduction to Astronomy,2017,100,ASTR,WiSe,469,84,99,54,50,49,26,27,24,16,5,12,3,20,0
Introduction to Astronomy,2018,100,ASTR,SoSe,609,92,128,96,59,70,45,24,29,18,8,9,4,27,2
Introduction to Astronomy,2018,100,ASTR,WiSe,620,122,148,75,72,62,33,24,19,12,7,9,7,30,5
Introduction to Astronomy,2022,100,ASTR,SoSe,646,89,159,87,44,59,41,17,31,20,10,12,12,65,2
Introduction to Astronomy,2022,100,ASTR,WiSe,552,82,135,69,54,50,22,14,18,20,8,9,11,60,1
Introduction to Fashion,2021,220,ARTS,SoSe,61,25,19,4,3,5,1,1,2,0,0,0,0,1,0
Introduction to Fashion,2021,220,ARTS,WiSe,27,11,13,2,0,1,0,0,0,0,0,0,0,0,0
Introduction to Fashion,2021,220,FAA,WiSe,29,14,10,1,3,0,0,0,1,0,0,0,0,0,0
Introduction to Journalism,2021,200,JOUR,SoSe,312,50,113,42,21,24,13,8,10,7,0,5,0,19,1
Introduction to Journalism,2021,200,JOUR,WiSe,356,45,119,42,48,25,12,13,10,7,6,4,6,19,1
Introduction to Public Health,2021,101,CHLH,SoSe,424,65,115,80,31,49,18,18,18,9,6,4,2,9,0
Introduction to Public Health,2021,101,CHLH,WiSe,641,89,268,36,19,125,6,2,34,0,1,20,0,41,5
Introduction to Public Health,2022,101,CHLH,SoSe,466,41,231,12,8,105,2,7,35,1,0,12,0,12,0
Introduction to Public Health,2022,101,CHLH,WiSe,592,49,304,11,6,125,5,4,39,2,1,21,0,25,0
Introduction to Sociology,2015,100,SOC,SoSe,722,2,232,138,108,92,53,31,21,13,11,11,5,5,8
Introduction to Sociology,2015,100,SOC,WiSe,591,0,235,104,68,86,32,24,20,5,4,3,4,6,5
Introduction to Sociology,2017,100,SOC,SoSe,514,21,190,88,59,72,27,17,24,7,0,4,0,5,2
Introduction to Sociology,2017,100,SOC,WiSe,685,13,317,61,54,109,22,15,45,3,2,17,5,22,1
Introduction to Sociology,2018,100,SOC,SoSe,634,24,323,74,64,47,31,23,17,10,5,6,1,9,1
Introduction to Sociology,2018,100,SOC,WiSe,628,9,247,112,69,70,30,23,32,8,4,7,1,16,2
Introduction to Sociology,2019,100,SOC,SoSe,486,16,196,78,56,53,28,19,12,4,4,8,2,10,1
Introduction to Sociology,2019,100,SOC,WiSe,615,26,212,88,79,89,37,29,23,8,2,7,1,14,2
Introduction to Sociology,2020,100,SOC,SoSe,622,0,285,131,58,73,35,6,3,28,0,2,0,1,2
Introduction to Sociology,2020,100,SOC,WiSe,620,64,259,90,56,60,16,20,15,8,4,7,3,18,0
Introduction to Sociology,2021,100,SOC,SoSe,587,71,279,67,41,37,22,11,45,2,0,7,0,5,1
Introduction to Sociology,2021,100,SOC,WiSe,591,62,318,81,37,37,14,6,8,11,2,5,1,9,5
Introduction to Theatre Arts,2021,101,THEA,SoSe,437,253,46,31,18,14,9,5,9,10,5,6,5,26,0
Introduction to Theatre Arts,2021,101,THEA,WiSe,641,342,64,49,32,27,21,14,11,3,6,3,4,65,9
Introduction to World Music,2021,133,MUS,SoSe,682,523,64,19,20,11,12,7,7,5,1,3,3,7,2
Introduction to World Music,2021,133,MUS,WiSe,724,577,88,14,6,14,3,2,3,1,2,3,1,10,0
Introduction to World Music,2022,133,MUS,SoSe,782,506,134,43,27,19,13,7,10,4,4,3,0,12,1
Introduction to World Music,2022,133,MUS,WiSe,724,108,491,55,13,13,10,5,7,5,3,4,0,10,0
Introduction to World Music,2023,133,MUS,SoSe,773,142,502,49,25,17,5,8,12,0,1,4,2,6,0
Introduction to World Music,2023,133,MUS,WiSe,733,124,509,48,18,17,2,3,4,3,0,2,0,3,0
Introductory Biochemistry,2021,450,MCB,SoSe,380,49,67,55,40,41,37,25,26,15,12,8,4,1,0
Introductory Biochemistry,2021,450,MCB,WiSe,352,31,58,54,43,50,34,23,20,11,11,7,6,4,1
Introductory Dynamics,2021,212,TAM,SoSe,461,41,77,70,78,53,44,44,22,11,4,6,0,11,0
Introductory Dynamics,2021,212,TAM,WiSe,243,11,39,42,31,29,26,18,13,7,9,4,3,11,3
Introductory Fluid Mechanics,2021,335,TAM,SoSe,152,2,18,20,23,24,20,12,13,3,3,6,4,4,0
Introductory Fluid Mechanics,2021,335,TAM,WiSe,175,28,34,42,23,16,7,6,6,3,3,2,1,4,0
Introductory Solid Mechanics,2021,251,TAM,SoSe,358,36,45,48,29,39,40,35,33,17,13,6,6,11,0
Introductory Solid Mechanics,2021,251,TAM,WiSe,180,12,35,16,23,22,13,10,17,15,2,3,2,10,0
Logic and Reasoning,2018,102,PHIL,SoSe,257,16,89,47,33,18,8,8,16,5,4,1,5,7,2
Logic and Reasoning,2018,102,PHIL,WiSe,404,25,107,57,48,42,28,26,16,10,7,8,8,22,0
Macroeconomic Principles,2017,103,ECON,SoSe,1184,157,233,190,162,156,75,60,64,23,19,11,28,6,3
Macroeconomic Principles,2017,103,ECON,WiSe,911,12,209,87,94,189,52,56,113,44,1,33,9,12,9
Macroeconomic Principles,2018,103,ECON,SoSe,1129,112,228,173,172,159,76,54,55,33,15,8,7,37,3
Macroeconomic Principles,2018,103,ECON,WiSe,937,58,163,138,135,159,96,54,56,26,13,12,6,21,6
Macroeconomic Principles,2019,103,ECON,SoSe,1250,111,238,241,153,181,106,76,57,30,15,20,3,19,2
Macroeconomic Principles,2019,103,ECON,WiSe,814,6,165,126,123,137,67,60,45,23,14,18,9,21,2
Macroeconomic Principles,2021,103,ECON,SoSe,1305,126,530,253,109,103,44,33,28,16,8,15,6,34,1
Macroeconomic Principles,2021,103,ECON,WiSe,887,51,261,158,148,112,48,31,24,9,8,1,4,32,5
Macroeconomic Principles,2022,103,ECON,SoSe,1318,109,517,258,163,161,33,26,15,9,4,1,2,20,2
Macroeconomic Principles,2022,103,ECON,WiSe,938,196,267,135,102,98,35,36,31,9,10,7,2,10,0
Managerial Accounting,2021,503,ACCY,SoSe,1661,143,526,387,202,254,94,27,13,4,0,0,1,10,3
Managerial Accounting,2021,503,ACCY,WiSe,373,22,121,96,50,53,11,6,5,2,4,3,0,0,0
Methods of Applied Statistics,2021,420,STAT,SoSe,348,71,118,56,33,32,10,11,8,4,0,3,0,2,0
Methods of Applied Statistics,2021,420,STAT,WiSe,268,22,117,54,11,26,12,14,4,0,1,2,0,5,4
Mgmt and Organizational Beh,2015,310,BADM,SoSe,835,70,325,162,98,68,38,19,16,15,5,4,3,12,5
Mgmt and Organizational Beh,2015,310,BADM,WiSe,663,98,194,137,81,73,26,23,19,6,3,2,0,1,0
Mgmt and Organizational Beh,2017,310,BADM,SoSe,623,70,310,65,41,54,25,19,14,9,4,4,0,8,1
Mgmt and Organizational Beh,2017,310,BADM,WiSe,682,204,260,75,52,42,15,13,10,4,1,2,3,1,3
Mgmt and Organizational Beh,2018,310,BADM,SoSe,620,60,210,97,96,78,25,23,19,5,1,4,1,1,0
Mgmt and Organizational Beh,2018,310,BADM,WiSe,670,64,227,108,66,94,46,22,17,9,6,4,0,7,1
Mgmt and Organizational Beh,2019,310,BADM,SoSe,723,56,388,89,54,60,20,19,17,9,1,2,1,7,0
Mgmt and Organizational Beh,2019,310,BADM,WiSe,456,57,134,72,54,41,28,22,25,11,4,3,2,3,1
Mgmt and Organizational Beh,2020,310,BADM,SoSe,880,31,498,136,93,65,16,15,9,1,2,3,1,10,0
Mgmt and Organizational Beh,2020,310,BADM,WiSe,822,192,352,129,56,43,13,5,11,4,0,4,1,12,0
Mgmt and Organizational Beh,2021,310,BADM,SoSe,864,174,350,126,57,57,24,21,17,6,0,9,4,19,0
Mgmt and Organizational Beh,2021,310,BADM,WiSe,1036,204,412,181,113,62,14,19,10,2,2,5,1,11,3
Mgmt and Organizational Beh,2022,310,BADM,SoSe,731,206,289,125,52,26,9,9,7,1,1,2,1,3,0
Mgmt and Organizational Beh,2022,310,BADM,WiSe,894,577,199,45,24,23,6,3,7,4,0,0,1,5,0
Microeconomic Principles,2015,102,ECON,SoSe,1436,106,347,220,216,232,94,66,61,33,20,8,9,24,5
Microeconomic Principles,2015,102,ECON,WiSe,1928,295,697,233,242,209,65,67,46,15,19,8,6,26,4
Microeconomic Principles,2017,102,ECON,SoSe,1415,234,351,151,200,197,67,61,63,17,14,18,8,34,4
Microeconomic Principles,2017,102,ECON,WiSe,2091,632,673,185,151,177,57,56,58,16,19,27,4,36,11
Microeconomic Principles,2018,102,ECON,SoSe,1394,523,340,120,101,114,38,40,42,20,9,16,1,30,5
Microeconomic Principles,2018,102,ECON,WiSe,2390,1253,394,173,107,132,60,49,71,26,24,32,10,59,6
Microeconomic Principles,2019,102,ECON,SoSe,1446,515,305,139,123,98,63,57,34,20,19,20,5,48,4
Microeconomic Principles,2019,102,ECON,WiSe,2435,1122,556,199,132,117,63,54,60,30,18,25,10,49,4
Microeconomic Principles,2020,102,ECON,SoSe,1222,565,449,89,30,33,11,12,18,5,2,3,1,4,1
Microeconomic Principles,2020,102,ECON,WiSe,2343,208,1618,97,70,164,29,11,43,7,2,17,0,77,0
Microeconomic Principles,2021,102,ECON,SoSe,1105,253,318,160,121,99,61,34,32,10,8,4,1,4,0
Microeconomic Principles,2021,102,ECON,WiSe,1977,592,510,236,159,146,89,62,56,29,26,20,14,38,17
Microeconomic Principles,2022,102,ECON,SoSe,1143,211,260,129,108,125,70,53,56,37,27,21,12,34,6
Microeconomic Principles,2022,102,ECON,WiSe,1490,319,359,175,146,152,84,61,59,30,27,24,12,42,5
Microeconomic Principles,2023,102,ECON,SoSe,1422,265,316,196,136,146,73,51,65,46,41,27,16,44,3
Microeconomic Principles,2023,102,ECON,WiSe,867,174,207,135,93,68,33,44,43,16,17,9,10,18,5
Mythology of Greece and Rome,2022,111,CLCV,SoSe,65,6,39,2,0,6,2,0,4,0,0,2,0,4,0
Mythology of Greece and Rome,2022,111,CLCV,WiSe,32,0,21,2,6,1,1,0,0,0,1,0,0,0,0
Mythology of Greece and Rome,2022,115,CLCV,SoSe,419,45,297,8,9,28,4,7,9,0,1,2,0,9,0
Mythology of Greece and Rome,2022,115,CLCV,WiSe,429,54,293,5,9,33,2,0,7,3,1,2,2,18,1
Natural Disasters,2021,118,GEOL,SoSe,169,48,27,35,14,13,10,7,6,4,0,2,1,2,0
Natural Disasters,2021,118,GEOL,WiSe,216,77,30,20,21,14,10,13,6,12,4,2,0,7,1
Nature and American Culture,2021,242,RST,SoSe,891,0,685,0,0,100,0,0,43,0,0,25,0,38,0
Nature and American Culture,2021,242,RST,WiSe,1309,0,1001,0,0,127,0,0,77,0,0,20,0,84,10
Organismal & Evolutionary Biol,2021,150,IB,SoSe,552,70,153,64,60,77,41,22,26,14,5,7,3,10,1
Organismal & Evolutionary Biol,2021,150,IB,WiSe,768,34,180,94,93,115,72,52,44,29,17,10,4,24,6
Personal Financial Planning,2017,240,ACE,SoSe,153,24,47,17,21,16,9,3,7,0,3,1,0,5,0
Personal Financial Planning,2017,240,ACE,WiSe,289,32,85,49,42,48,6,6,11,2,2,0,1,5,0
Personal Financial Planning,2018,240,ACE,SoSe,281,90,114,15,11,28,3,2,11,2,0,2,1,2,2
Personal Financial Planning,2018,240,ACE,WiSe,396,71,135,44,46,37,18,12,14,6,4,2,0,7,1
Personal Financial Planning,2019,240,ACE,SoSe,319,73,130,11,20,50,2,4,10,3,1,6,3,6,1
Personal Financial Planning,2019,240,ACE,WiSe,413,16,228,28,37,52,10,6,18,3,0,1,11,3,0
Personal Financial Planning,2020,240,ACE,SoSe,668,442,84,15,10,59,6,4,33,0,0,6,0,9,2
Personal Financial Planning,2020,240,ACE,WiSe,618,37,398,14,15,88,1,3,30,2,0,13,0,17,0
Personal Financial Planning,2021,240,ACE,SoSe,583,358,94,9,6,44,5,2,40,0,0,2,0,23,0
Personal Financial Planning,2021,240,ACE,WiSe,638,274,129,17,19,90,18,11,33,3,4,12,2,26,4
Personal Financial Planning,2022,240,ACE,SoSe,768,199,380,14,5,83,7,3,38,3,2,12,2,20,0
Personal Financial Planning,2022,240,ACE,WiSe,834,485,157,29,17,76,8,12,22,3,1,7,1,16,3
Personal Wealth Management,2021,435,FIN,SoSe,57,0,31,8,13,3,1,0,0,1,0,0,0,0,0
Personal Wealth Management,2021,435,FIN,WiSe,171,12,97,28,16,15,1,1,0,0,0,0,0,1,0
Physical Activity and Health,2021,122,KIN,SoSe,428,39,88,81,52,31,32,15,16,16,10,9,6,33,1
Physical Activity and Health,2021,122,KIN,WiSe,637,65,117,141,86,59,56,21,11,15,6,11,7,42,2
Principles of Marketing,2019,320,BADM,SoSe,826,248,419,59,35,34,11,5,1,4,0,2,2,6,4
Principles of Marketing,2019,320,BADM,WiSe,610,298,196,54,31,16,6,3,0,0,0,2,0,4,0
Principles of Marketing,2020,320,BADM,SoSe,635,0,536,34,48,5,0,4,2,1,1,0,1,3,0
Principles of Marketing,2020,320,BADM,WiSe,1092,657,296,74,36,12,6,2,1,1,1,2,0,4,0
Principles of Marketing,2021,320,BADM,SoSe,934,362,332,88,55,49,16,16,7,2,1,0,0,6,2
Principles of Marketing,2021,320,BADM,WiSe,1158,485,446,77,67,47,8,5,8,0,0,2,2,11,1
Principles of Marketing,2022,320,BADM,SoSe,756,270,238,100,58,46,13,9,9,5,1,1,2,4,1
Principles of Marketing,2022,320,BADM,WiSe,1001,292,442,79,65,80,12,10,9,1,2,4,1,4,0
Probability with Engrg Applic,2021,313,ECE,SoSe,273,7,28,26,35,90,29,17,23,7,2,3,0,6,2
Probability with Engrg Applic,2021,313,ECE,WiSe,332,19,39,22,32,46,26,28,74,7,6,12,7,14,4
Progrmg Languages & Compilers,2021,421,CS,SoSe,491,180,133,11,37,23,2,19,11,0,44,13,0,18,5
Progrmg Languages & Compilers,2021,421,CS,WiSe,414,155,101,29,28,27,12,9,22,3,7,8,4,9,1
RST in Modern Society,2018,100,RST,SoSe,184,29,32,21,20,21,13,22,7,8,2,3,0,6,0
RST in Modern Society,2018,100,RST,WiSe,224,23,46,29,24,33,25,9,14,5,4,2,1,9,1
RST in Modern Society,2019,100,RST,SoSe,196,11,36,28,28,21,21,15,17,10,3,2,0,4,0
RST in Modern Society,2019,100,RST,WiSe,254,55,54,41,20,30,16,12,10,2,4,3,2,5,1
RST in Modern Society,2020,100,RST,SoSe,169,57,33,25,17,12,6,3,6,3,1,1,1,4,0
RST in Modern Society,2020,100,RST,WiSe,227,43,65,52,16,13,7,6,3,8,2,3,3,6,0
RST in Modern Society,2021,100,RST,SoSe,260,53,53,44,23,15,15,8,5,9,8,1,1,25,0
RST in Modern Society,2021,100,RST,WiSe,188,45,37,40,12,10,9,7,10,5,4,2,3,4,1
RST in Modern Society,2022,100,RST,SoSe,196,53,26,32,18,9,16,6,9,9,3,2,1,12,1
RST in Modern Society,2022,100,RST,WiSe,255,71,72,41,14,22,7,6,5,5,5,1,1,5,0
Reference and Info Services,2021,501,IS,SoSe,47,11,33,0,0,1,1,0,1,0,0,0,0,0,0
Reference and Info Services,2021,501,IS,WiSe,44,2,33,4,2,3,0,0,0,0,0,0,0,0,0
Reference and Info Services,2021,504,IS,WiSe,22,9,11,0,1,1,0,0,0,0,0,0,0,0,0
Severe and Hazardous Weather,2015,120,ATMS,SoSe,1308,831,300,8,45,51,23,12,12,2,3,6,0,15,0
Severe and Hazardous Weather,2015,120,ATMS,WiSe,972,676,217,15,19,21,4,6,2,4,1,0,0,7,0
Severe and Hazardous Weather,2017,120,ATMS,SoSe,1045,327,281,117,79,85,36,35,30,10,11,5,2,27,2
Severe and Hazardous Weather,2017,120,ATMS,WiSe,838,288,232,81,89,67,27,19,16,5,4,5,0,5,1
Severe and Hazardous Weather,2018,120,ATMS,SoSe,771,238,214,73,61,80,31,25,20,5,3,3,4,14,1
Severe and Hazardous Weather,2018,120,ATMS,WiSe,743,178,261,94,67,53,28,20,15,6,5,3,3,10,1
Severe and Hazardous Weather,2019,120,ATMS,SoSe,724,77,203,83,91,100,55,35,25,15,8,8,2,22,3
Severe and Hazardous Weather,2019,120,ATMS,WiSe,720,49,173,118,78,114,56,34,46,16,14,5,6,11,3
Severe and Hazardous Weather,2020,120,ATMS,SoSe,599,44,161,87,71,84,49,27,33,9,8,8,1,17,3
Severe and Hazardous Weather,2020,120,ATMS,WiSe,606,69,241,58,37,113,22,10,22,6,4,3,6,15,2
Severe and Hazardous Weather,2021,120,ATMS,SoSe,587,67,249,39,43,93,22,10,22,6,8,4,3,21,2
Severe and Hazardous Weather,2021,120,ATMS,WiSe,611,42,228,50,46,118,32,13,33,7,7,9,4,22,11
Severe and Hazardous Weather,2022,120,ATMS,SoSe,419,31,119,52,37,51,19,24,26,15,12,12,3,18,3
Severe and Hazardous Weather,2022,120,ATMS,WiSe,612,57,239,33,35,107,34,26,31,10,5,5,2,28,0
Sex & Gender in Popular Media,2017,356,MACS,SoSe,106,3,28,20,17,15,6,2,5,2,0,3,0,5,2
Sex & Gender in Popular Media,2017,356,MACS,WiSe,75,5,10,7,10,13,5,7,3,3,1,3,5,3,1
Sex & Gender in Popular Media,2018,356,MACS,SoSe,89,1,51,12,3,12,3,0,4,0,0,2,0,1,1
Sex & Gender in Popular Media,2018,356,MACS,WiSe,109,27,17,3,6,14,12,6,8,3,2,3,0,8,3
Soc & Psych of Phys Activity,2021,340,KIN,SoSe,172,0,75,35,20,18,8,6,2,2,2,2,1,1,0
Soc & Psych of Phys Activity,2021,340,KIN,WiSe,202,0,71,44,20,15,19,9,10,3,4,0,1,6,3
Social Welfare Pol and Svcs,2021,410,SOCW,SoSe,114,26,57,15,2,6,2,2,1,2,0,1,0,0,0
Social Welfare Pol and Svcs,2021,410,SOCW,WiSe,110,28,45,19,7,5,3,1,1,0,0,0,0,1,1
Sociology of Deviance,2021,310,SOC,SoSe,109,65,22,10,4,1,0,3,3,0,0,0,0,1,0
Sociology of Deviance,2021,310,SOC,WiSe,117,64,19,3,4,12,0,2,6,2,1,1,1,2,0
Sociology of Gender,2021,101,SOC,SoSe,84,7,35,11,8,8,2,1,0,3,0,2,0,7,0
Sociology of Gender,2021,101,SOC,WiSe,67,4,21,15,3,8,2,3,3,1,1,2,1,3,0
Statistical Analysis,2021,200,STAT,SoSe,323,112,94,30,25,18,12,9,6,3,3,3,1,7,1
Statistical Analysis,2021,200,STAT,WiSe,388,95,156,45,26,25,8,14,10,4,0,1,1,3,0
Statistics,2021,100,STAT,SoSe,1232,277,257,137,104,138,60,66,50,36,24,16,13,54,3
Statistics,2021,100,STAT,WiSe,1359,390,248,133,110,114,76,56,62,37,23,32,8,70,13
Statistics and Probability I,2021,400,STAT,SoSe,673,188,192,61,45,48,27,26,26,17,8,9,5,21,2
Statistics and Probability I,2021,400,STAT,WiSe,648,123,223,58,65,51,26,22,18,11,12,9,7,23,6
Statistics and Probability II,2021,410,STAT,SoSe,338,25,88,52,47,28,42,3,14,10,0,17,0,12,2
Statistics and Probability II,2021,410,STAT,WiSe,332,43,91,31,35,40,23,3,14,15,0,13,2,22,5
The Legal Environment of Bus,2015,300,BADM,SoSe,850,144,203,136,130,97,63,21,30,8,9,3,6,0,2
The Legal Environment of Bus,2015,300,BADM,WiSe,468,78,109,77,67,64,34,12,12,5,3,1,1,5,1
The Legal Environment of Bus,2016,300,BADM,SoSe,431,69,130,60,52,52,25,11,14,5,2,6,1,4,1
The Legal Environment of Bus,2016,300,BADM,WiSe,533,267,106,59,36,28,9,4,10,3,3,2,2,4,2
The Legal Environment of Bus,2017,300,BADM,SoSe,526,92,145,68,62,58,30,22,18,16,5,3,1,6,10
The Legal Environment of Bus,2017,300,BADM,WiSe,495,39,167,45,61,92,26,17,24,15,1,4,0,4,2
The Legal Environment of Bus,2018,300,BADM,SoSe,449,70,123,67,54,56,25,24,14,8,1,2,1,4,2
The Legal Environment of Bus,2018,300,BADM,WiSe,487,49,133,74,62,62,37,33,19,5,6,2,3,2,0
The Legal Environment of Bus,2019,300,BADM,SoSe,548,115,127,81,81,63,30,21,12,5,3,5,3,2,0
The Legal Environment of Bus,2019,300,BADM,WiSe,538,56,132,72,81,86,43,22,19,11,4,3,4,5,2
The Legal Environment of Bus,2020,300,BADM,SoSe,480,156,213,52,17,16,10,5,4,0,1,1,3,2,0
The Legal Environment of Bus,2020,300,BADM,WiSe,542,208,176,58,32,33,8,2,9,5,0,2,0,9,1
The Legal Environment of Bus,2021,300,BADM,SoSe,513,215,147,63,32,24,10,5,4,4,2,1,1,5,1
The Legal Environment of Bus,2021,300,BADM,WiSe,701,293,235,59,31,29,16,9,8,5,3,1,5,7,3
The Legal Environment of Bus,2022,300,BADM,SoSe,469,152,176,58,26,16,14,5,7,5,4,2,1,3,0
The Legal Environment of Bus,2022,300,BADM,WiSe,717,333,198,58,35,42,19,12,7,4,1,3,1,4,3
The Oceans,2018,117,GEOL,SoSe,90,3,17,10,9,12,10,2,6,10,2,4,4,1,0
The Oceans,2018,117,GEOL,WiSe,122,28,38,16,12,8,5,4,3,2,1,1,0,4,0
Understanding Visual Culture,2018,100,ART,SoSe,67,2,27,8,14,6,3,1,2,0,0,0,0,4,0
Understanding Visual Culture,2018,100,ART,WiSe,67,3,28,12,6,6,3,2,4,0,0,0,0,3,0
Univ Physics: Quantum Physics,2021,214,PHYS,SoSe,590,103,109,67,67,44,53,36,49,27,13,5,13,4,1
Univ Physics: Quantum Physics,2021,214,PHYS,WiSe,505,60,71,66,36,48,41,34,53,38,24,14,15,5,3
Univ Physics: Thermal Physics,2021,213,PHYS,SoSe,621,140,83,49,55,45,53,49,51,32,29,11,13,11,1
Univ Physics: Thermal Physics,2021,213,PHYS,WiSe,527,102,73,51,46,40,47,34,40,29,26,13,19,7,7
University Physics: Elec & Mag,2021,212,PHYS,SoSe,532,142,87,36,48,35,46,39,27,36,9,10,10,7,2
University Physics: Elec & Mag,2021,212,PHYS,WiSe,873,167,122,86,56,61,81,66,58,102,14,15,27,18,7
University Physics: Mechanics,2021,211,PHYS,SoSe,1137,242,216,139,93,82,88,60,59,62,40,20,27,9,0
University Physics: Mechanics,2021,211,PHYS,WiSe,642,168,114,64,44,40,53,32,24,28,19,14,24,18,16
World Animal Resources,2021,205,ANSC,SoSe,161,65,46,12,3,10,3,2,5,3,1,2,3,6,1
World Animal Resources,2021,205,ANSC,WiSe,392,174,114,36,12,18,12,1,6,2,0,3,4,10,0
World Religions,2021,110,REL,SoSe,526,191,140,55,27,32,8,15,11,8,5,3,4,27,1
World Religions,2021,110,REL,WiSe,511,280,93,43,22,24,13,12,6,3,2,3,1,9,3
World Religions,2022,110,REL,SoSe,640,368,98,52,23,24,16,8,13,4,2,4,4,24,4
World Religions,2022,110,REL,WiSe,507,242,115,48,20,28,12,8,12,1,1,2,0,18,1
